Workbook

Sheet Test_Summary
A1: Final_Valid | B1: TRUE
A3: Row Labels | B3: Average of avg_added_current_mA | C3: Average of battery_droop_mV | D3: Average of vbat_min_V | E3: Average of vpcb_min_V | F3: Count of repeat | G3: Min of vbat_min_V | H3: StdDev of vbat_min_V
A4: Aged ~2.90V | B4: 2.7025256 | C4: 416.64789 | D4: 2.4912426 | E4: 2.4895785 | F4: 9 | G4: 2.4802576 | H4: 0.010517299
A5: 996ohm_10ms | B5: 2.7122853 | C5: 408.08925 | D5: 2.5000306 | E5: 2.4984267 | F5: 5 | G5: 2.4985659 | H5: 0.0020055703
A6: 996ohm_100ms | B6: 2.690326 | C6: 427.3462 | D6: 2.4802576 | E6: 2.4785181 | F6: 4 | G6: 2.4802576 | H6: 0
A7: Fresh ~3.05V | B7: 9.8009915 | C7: 119.89159 | D7: 2.926064 | E7: 2.9204799 | F7: 24 | G7: 2.8683929 | H7: 0.032541012
A8: 220ohm_10ms | B8: 14.906264 | C8: 174.07209 | D8: 2.8713223 | E8: 2.8629339 | F8: 5 | G8: 2.8683929 | H8: 0.0016375413
A9: 329ohm_100ms | B9: 10.07759 | C9: 124.75042 | D9: 2.9203884 | E9: 2.9147817 | F9: 5 | G9: 2.9123328 | H9: 0.0060167109
A10: 329ohm_10ms | B10: 9.6075543 | C10: 116.88167 | D10: 2.9299087 | E10: 2.9244377 | F10: 5 | G10: 2.9269794 | H10: 0.0016375413
A11: 550ohm_100ms | B11: 7.0223021 | C11: 90.143615 | D11: 2.9562726 | E11: 2.9522263 | F11: 5 | G11: 2.9562726 | H11: 4.2146849e-08
A12: 550ohm_10ms | B12: 6.7888107 | C12: 87.039796 | D12: 2.9590189 | E12: 2.9549047 | F12: 4 | G12: 2.952611 | H12: 0.0046074798
A13: Grand Total | B13: 7.8650462 | C13: 200.82513 | D13: 2.8074763 | E13: 2.8029613 | F13: 33 | G13: 2.4802576 | H13: 0.19865066

Sheet Raw_Data
A1: timestamp | B1: test_name | C1: repeat | D1: dio | E1: load_resistance_ohm | F1: pulse_requested_ms | G1: pulse_actual_ms | H1: aborted | I1: lost_samples | J1: corrupted_samples | K1: baseline_vbat_V | L1: vbat_min_V | M1: battery_droop_mV | N1: time_min_after_load_on_ms | O1: avg_added_current_mA | P1: max_added_current_mA | Q1: avg_total_current_mA | R1: max_total_current_mA | S1: vpcb_min_V | T1: immediate_recovery_vbat_V | U1: waveform_file | V1: Battery_Condition | W1: Pulse_Error_pct | X1: Auto_Valid | Y1: Manual_Status | Z1: Final_Valid | AA1: VBAT_Margin_V | AB1: Droop_pct | AC1: Pass_Fail
A2: 2026-08-21T12:09:03 | B2: 550ohm_10ms | C2: 1 | D2: 1 | E2: 550.4 | F2: 10 | G2: 40.263666 | H2: FALSE | I2: 0 | J2: 0 | K2: 3.0461918 | L2: 2.9599343 | M2: 86.257576 | N2: 9.746375 | O2: 7.0174201 | P2: 7.9189954 | Q2: 6.8609144 | R2: 7.7624897 | S2: 2.9558201 | T2: 3.0453277 | U2: results/focused_pulse/waveforms/550ohm_10ms_repeat1.csv | V2: =IF(K2>=3,"Fresh ~3.05V","Aged ~2.90V") -> Fresh ~3.05V | W2: =ABS(G2-F2)/F2 -> 3.0263666 | X2: =AND(H2=FALSE,I2=0,J2=0,W2<=Controls!$B$3) -> FALSE | Z2: =AND(X2=TRUE,Y2<>"Exclude") -> FALSE | AA2: =L2-Controls!$B$2 -> 0.55993427 | AB2: =M2/1000/K2 -> 0.028316528 | AC2: =IF(Z2=FALSE,"INVALID",IF(tblATE[[#This Row],[vbat_min_V]]>=Controls!$B$2,"PASS","FAIL")) -> INVALID
A3: 2026-08-21T12:10:09 | B3: 550ohm_10ms | C3: 2 | D3: 1 | E3: 550.4 | F3: 10 | G3: 9.2250421 | H3: FALSE | I3: 0 | J3: 0 | K3: 3.0450406 | L3: 2.952611 | M3: 92.429659 | N3: 4.262833 | O3: 6.6654629 | P3: 7.674431 | Q3: 6.7535216 | R3: 7.7624897 | S3: 2.9484968 | T3: 3.045368 | U3: results/focused_pulse/waveforms/550ohm_10ms_repeat2.csv | V3: =IF(K3>=3,"Fresh ~3.05V","Aged ~2.90V") -> Fresh ~3.05V | W3: =ABS(G3-F3)/F3 -> 0.077495793 | X3: =AND(H3=FALSE,I3=0,J3=0,W3<=Controls!$B$3) -> TRUE | Z3: =AND(X3=TRUE,Y3<>"Exclude") -> TRUE | AA3: =L3-Controls!$B$2 -> 0.55261096 | AB3: =M3/1000/K3 -> 0.030354163 | AC3: =IF(Z3=FALSE,"INVALID",IF(tblATE[[#This Row],[vbat_min_V]]>=Controls!$B$2,"PASS","FAIL")) -> PASS
A4: 2026-08-21T12:11:15 | B4: 550ohm_10ms | C4: 3 | D4: 1 | E4: 550.4 | F4: 10 | G4: 9.036458 | H4: FALSE | I4: 0 | J4: 0 | K4: 3.0472841 | L4: 2.9635959 | M4: 83.688193 | N4: 3.596125 | O4: 6.7615848 | P4: 7.7563579 | Q4: 6.7677166 | R4: 7.7624897 | S4: 2.9594818 | T4: 3.0465653 | U4: results/focused_pulse/waveforms/550ohm_10ms_repeat3.csv | V4: =IF(K4>=3,"Fresh ~3.05V","Aged ~2.90V") -> Fresh ~3.05V | W4: =ABS(G4-F4)/F4 -> 0.096354202 | X4: =AND(H4=FALSE,I4=0,J4=0,W4<=Controls!$B$3) -> TRUE | Z4: =AND(X4=TRUE,Y4<>"Exclude") -> TRUE | AA4: =L4-Controls!$B$2 -> 0.56359592 | AB4: =M4/1000/K4 -> 0.027463207 | AC4: =IF(Z4=FALSE,"INVALID",IF(tblATE[[#This Row],[vbat_min_V]]>=Controls!$B$2,"PASS","FAIL")) -> PASS
A5: 2026-08-21T12:12:21 | B5: 550ohm_10ms | C5: 4 | D5: 1 | E5: 550.4 | F5: 10 | G5: 12.043167 | H5: FALSE | I5: 0 | J5: 0 | K5: 3.0473588 | L5: 2.9599343 | M5: 87.424545 | N5: 5.14825 | O5: 6.8615412 | P5: 7.7317798 | Q5: 6.8922511 | R5: 7.7624897 | S5: 2.9558201 | T5: 3.0469242 | U5: results/focused_pulse/waveforms/550ohm_10ms_repeat4.csv | V5: =IF(K5>=3,"Fresh ~3.05V","Aged ~2.90V") -> Fresh ~3.05V | W5: =ABS(G5-F5)/F5 -> 0.2043167 | X5: =AND(H5=FALSE,I5=0,J5=0,W5<=Controls!$B$3) -> TRUE | Z5: =AND(X5=TRUE,Y5<>"Exclude") -> TRUE | AA5: =L5-Controls!$B$2 -> 0.55993427 | AB5: =M5/1000/K5 -> 0.028688628 | AC5: =IF(Z5=FALSE,"INVALID",IF(tblATE[[#This Row],[vbat_min_V]]>=Controls!$B$2,"PASS","FAIL")) -> PASS
A6: 2026-08-21T12:13:27 | B6: 550ohm_10ms | C6: 5 | D6: 1 | E6: 550.4 | F6: 10 | G6: 9.820583 | H6: FALSE | I6: 0 | J6: 0 | K6: 3.0445511 | L6: 2.9599343 | M6: 84.616789 | N6: 5.485125 | O6: 6.8666539 | P6: 7.8319481 | Q6: 6.7971955 | R6: 7.7624897 | S6: 2.9558201 | T6: 3.0466056 | U6: results/focused_pulse/waveforms/550ohm_10ms_repeat5.csv | V6: =IF(K6>=3,"Fresh ~3.05V","Aged ~2.90V") -> Fresh ~3.05V | W6: =ABS(G6-F6)/F6 -> 0.017941696 | X6: =AND(H6=FALSE,I6=0,J6=0,W6<=Controls!$B$3) -> TRUE | Z6: =AND(X6=TRUE,Y6<>"Exclude") -> TRUE | AA6: =L6-Controls!$B$2 -> 0.55993427 | AB6: =M6/1000/K6 -> 0.027792862 | AC6: =IF(Z6=FALSE,"INVALID",IF(tblATE[[#This Row],[vbat_min_V]]>=Controls!$B$2,"PASS","FAIL")) -> PASS
A7: 2026-08-21T12:14:33 | B7: 550ohm_100ms | C7: 1 | D7: 1 | E7: 550.4 | F7: 100 | G7: 98.241167 | H7: FALSE | I7: 0 | J7: 0 | K7: 3.0465122 | L7: 2.9562726 | M7: 90.239624 | N7: 16.768959 | O7: 6.9814784 | P7: 7.7032974 | Q7: 7.0406707 | R7: 7.7624897 | S7: 2.9524977 | T7: 3.0448224 | U7: results/focused_pulse/waveforms/550ohm_100ms_repeat1.csv | V7: =IF(K7>=3,"Fresh ~3.05V","Aged ~2.90V") -> Fresh ~3.05V | W7: =ABS(G7-F7)/F7 -> 0.01758833 | X7: =AND(H7=FALSE,I7=0,J7=0,W7<=Controls!$B$3) -> TRUE | Z7: =AND(X7=TRUE,Y7<>"Exclude") -> TRUE | AA7: =L7-Controls!$B$2 -> 0.55627262 | AB7: =M7/1000/K7 -> 0.029620634 | AC7: =IF(Z7=FALSE,"INVALID",IF(tblATE[[#This Row],[vbat_min_V]]>=Controls!$B$2,"PASS","FAIL")) -> PASS
A8: 2026-08-21T12:15:39 | B8: 550ohm_100ms | C8: 2 | D8: 1 | E8: 550.4 | F8: 100 | G8: 99.932042 | H8: FALSE | I8: 0 | J8: 0 | K8: 3.0464804 | L8: 2.9562726 | M8: 90.207768 | N8: 44.163584 | O8: 7.0251112 | P8: 8.2848499 | Q8: 7.1428044 | R8: 8.402543 | S8: 2.9521585 | T8: 3.044588 | U8: results/focused_pulse/waveforms/550ohm_100ms_repeat2.csv | V8: =IF(K8>=3,"Fresh ~3.05V","Aged ~2.90V") -> Fresh ~3.05V | W8: =ABS(G8-F8)/F8 -> 0.00067958049 | X8: =AND(H8=FALSE,I8=0,J8=0,W8<=Controls!$B$3) -> TRUE | Z8: =AND(X8=TRUE,Y8<>"Exclude") -> TRUE | AA8: =L8-Controls!$B$2 -> 0.55627262 | AB8: =M8/1000/K8 -> 0.029610487 | AC8: =IF(Z8=FALSE,"INVALID",IF(tblATE[[#This Row],[vbat_min_V]]>=Controls!$B$2,"PASS","FAIL")) -> PASS
A9: 2026-08-21T12:16:45 | B9: 550ohm_100ms | C9: 3 | D9: 1 | E9: 550.4 | F9: 100 | G9: 100.14342 | H9: FALSE | I9: 0 | J9: 0 | K9: 3.0467986 | L9: 2.9562726 | M9: 90.525965 | N9: 36.540542 | O9: 7.0604743 | P9: 7.902162 | Q9: 6.9208021 | R9: 7.7624897 | S9: 2.9521585 | T9: 3.0446466 | U9: results/focused_pulse/waveforms/550ohm_100ms_repeat3.csv | V9: =IF(K9>=3,"Fresh ~3.05V","Aged ~2.90V") -> Fresh ~3.05V | W9: =ABS(G9-F9)/F9 -> 0.0014341702 | X9: =AND(H9=FALSE,I9=0,J9=0,W9<=Controls!$B$3) -> TRUE | Z9: =AND(X9=TRUE,Y9<>"Exclude") -> TRUE | AA9: =L9-Controls!$B$2 -> 0.55627262 | AB9: =M9/1000/K9 -> 0.029711831 | AC9: =IF(Z9=FALSE,"INVALID",IF(tblATE[[#This Row],[vbat_min_V]]>=Controls!$B$2,"PASS","FAIL")) -> PASS
A10: 2026-08-21T12:17:51 | B10: 550ohm_100ms | C10: 4 | D10: 1 | E10: 550.4 | F10: 100 | G10: 100.05283 | H10: FALSE | I10: 0 | J10: 0 | K10: 3.0462984 | L10: 2.9562726 | M10: 90.025783 | N10: 23.254375 | O10: 6.9865912 | P10: 8.1896099 | Q10: 7.1995243 | R10: 8.402543 | S10: 2.9521585 | T10: 3.0439582 | U10: results/focused_pulse/waveforms/550ohm_100ms_repeat4.csv | V10: =IF(K10>=3,"Fresh ~3.05V","Aged ~2.90V") -> Fresh ~3.05V | W10: =ABS(G10-F10)/F10 -> 0.00052833906 | X10: =AND(H10=FALSE,I10=0,J10=0,W10<=Controls!$B$3) -> TRUE | Z10: =AND(X10=TRUE,Y10<>"Exclude") -> TRUE | AA10: =L10-Controls!$B$2 -> 0.55627262 | AB10: =M10/1000/K10 -> 0.029552516 | AC10: =IF(Z10=FALSE,"INVALID",IF(tblATE[[#This Row],[vbat_min_V]]>=Controls!$B$2,"PASS","FAIL")) -> PASS
A11: 2026-08-21T12:18:57 | B11: 550ohm_100ms | C11: 5 | D11: 1 | E11: 550.4 | F11: 100 | G11: 99.247417 | H11: FALSE | I11: 0 | J11: 0 | K11: 3.0459916 | L11: 2.9562726 | M11: 89.718937 | N11: 25.214709 | O11: 7.0578551 | P11: 7.8019937 | Q11: 7.0183512 | R11: 7.7624897 | S11: 2.9521585 | T11: 3.0440388 | U11: results/focused_pulse/waveforms/550ohm_100ms_repeat5.csv | V11: =IF(K11>=3,"Fresh ~3.05V","Aged ~2.90V") -> Fresh ~3.05V | W11: =ABS(G11-F11)/F11 -> 0.0075258305 | X11: =AND(H11=FALSE,I11=0,J11=0,W11<=Controls!$B$3) -> TRUE | Z11: =AND(X11=TRUE,Y11<>"Exclude") -> TRUE | AA11: =L11-Controls!$B$2 -> 0.55627262 | AB11: =M11/1000/K11 -> 0.029454756 | AC11: =IF(Z11=FALSE,"INVALID",IF(tblATE[[#This Row],[vbat_min_V]]>=Controls!$B$2,"PASS","FAIL")) -> PASS
A12: 2026-08-21T12:20:03 | B12: 329ohm_10ms | C12: 1 | D12: 2 | E12: 329.5 | F12: 10 | G12: 8.7895419 | H12: FALSE | I12: 0 | J12: 0 | K12: 3.0471248 | L12: 2.930641 | M12: 116.48379 | N12: 4.661 | O12: 9.5107402 | P12: 10.876042 | Q12: 9.5974548 | R12: 10.962756 | S12: 2.9248308 | T12: 3.0474844 | U12: results/focused_pulse/waveforms/329ohm_10ms_repeat1.csv | V12: =IF(K12>=3,"Fresh ~3.05V","Aged ~2.90V") -> Fresh ~3.05V | W12: =ABS(G12-F12)/F12 -> 0.12104581 | X12: =AND(H12=FALSE,I12=0,J12=0,W12<=Controls!$B$3) -> TRUE | Z12: =AND(X12=TRUE,Y12<>"Exclude") -> TRUE | AA12: =L12-Controls!$B$2 -> 0.53064104 | AB12: =M12/1000/K12 -> 0.038227444 | AC12: =IF(Z12=FALSE,"INVALID",IF(tblATE[[#This Row],[vbat_min_V]]>=Controls!$B$2,"PASS","FAIL")) -> PASS
A13: 2026-08-21T12:21:09 | B13: 329ohm_10ms | C13: 2 | D13: 2 | E13: 329.5 | F13: 10 | G13: 10.750042 | H13: FALSE | I13: 0 | J13: 0 | K13: 3.0469352 | L13: 2.930641 | M13: 116.29412 | N13: 5.7465 | O13: 9.706627 | P13: 10.98197 | Q13: 9.6874128 | R13: 10.962756 | S13: 2.92517 | T13: 3.0465434 | U13: results/focused_pulse/waveforms/329ohm_10ms_repeat2.csv | V13: =IF(K13>=3,"Fresh ~3.05V","Aged ~2.90V") -> Fresh ~3.05V | W13: =ABS(G13-F13)/F13 -> 0.075004204 | X13: =AND(H13=FALSE,I13=0,J13=0,W13<=Controls!$B$3) -> TRUE | Z13: =AND(X13=TRUE,Y13<>"Exclude") -> TRUE | AA13: =L13-Controls!$B$2 -> 0.53064104 | AB13: =M13/1000/K13 -> 0.038167573 | AC13: =IF(Z13=FALSE,"INVALID",IF(tblATE[[#This Row],[vbat_min_V]]>=Controls!$B$2,"PASS","FAIL")) -> PASS
... A45: 2026-08-21T13:24:02 | B45: 996ohm_100ms | C45: 2 | D45: 0 | E45: 996 | F45: 100 | G45: 100.07437 | H45: FALSE | I45: 0 | J45: 0 | K45: 2.906298 | L45: 2.4802576 | M45: 426.04036 | N45: 48.826667 | O45: 2.7248082 | P45: 4.3325208 | Q45: 2.9545107 | R45: 4.5622232 | S45: 2.4781789 | T45: 2.9003335 | U45: results/focused_pulse/waveforms/996ohm_100ms_repeat2.csv | V45: =IF(K45>=3,"Fresh ~3.05V","Aged ~2.90V") -> Aged ~2.90V | W45: =ABS(G45-F45)/F45 -> 0.00074374932 | X45: =AND(H45=FALSE,I45=0,J45=0,W45<=Controls!$B$3) -> TRUE | Z45: =AND(X45=TRUE,Y45<>"Exclude") -> TRUE | AA45: =L45-Controls!$B$2 -> 0.080257638 | AB45: =M45/1000/K45 -> 0.14659211 | AC45: =IF(Z45=FALSE,"INVALID",IF(tblATE[[#This Row],[vbat_min_V]]>=Controls!$B$2,"PASS","FAIL")) -> PASS
A46: 2026-08-21T13:25:08 | B46: 996ohm_100ms | C46: 3 | D46: 0 | E46: 996 | F46: 100 | G46: 102.38025 | H46: FALSE | I46: 0 | J46: 0 | K46: 2.771406 | L46: 2.4326561 | M46: 338.74983 | N46: 22.746375 | O46: 2.653275 | P46: 3.3443425 | Q46: 2.5910491 | R46: 3.2821167 | S46: 2.4312558 | T46: 2.8997367 | U46: results/focused_pulse/waveforms/996ohm_100ms_repeat3.csv | V46: =IF(K46>=3,"Fresh ~3.05V","Aged ~2.90V") -> Aged ~2.90V | W46: =ABS(G46-F46)/F46 -> 0.0238025 | X46: =AND(H46=FALSE,I46=0,J46=0,W46<=Controls!$B$3) -> TRUE | Y46: Exclude | Z46: =AND(X46=TRUE,Y46<>"Exclude") -> FALSE | AA46: =L46-Controls!$B$2 -> 0.03265614 | AB46: =M46/1000/K46 -> 0.12223032 | AC46: =IF(Z46=FALSE,"INVALID",IF(tblATE[[#This Row],[vbat_min_V]]>=Controls!$B$2,"PASS","FAIL")) -> INVALID
A47: 2026-08-21T13:26:14 | B47: 996ohm_100ms | C47: 4 | D47: 0 | E47: 996 | F47: 100 | G47: 100.68454 | H47: FALSE | I47: 0 | J47: 0 | K47: 2.9074364 | L47: 2.4802576 | M47: 427.17877 | N47: 92.536917 | O47: 2.6766259 | P47: 3.8136296 | Q47: 2.7851663 | R47: 3.92217 | S47: 2.4785181 | T47: 2.9011208 | U47: results/focused_pulse/waveforms/996ohm_100ms_repeat4.csv | V47: =IF(K47>=3,"Fresh ~3.05V","Aged ~2.90V") -> Aged ~2.90V | W47: =ABS(G47-F47)/F47 -> 0.0068454198 | X47: =AND(H47=FALSE,I47=0,J47=0,W47<=Controls!$B$3) -> TRUE | Z47: =AND(X47=TRUE,Y47<>"Exclude") -> TRUE | AA47: =L47-Controls!$B$2 -> 0.080257638 | AB47: =M47/1000/K47 -> 0.14692626 | AC47: =IF(Z47=FALSE,"INVALID",IF(tblATE[[#This Row],[vbat_min_V]]>=Controls!$B$2,"PASS","FAIL")) -> PASS
A48: 2026-08-21T13:27:21 | B48: 996ohm_100ms | C48: 5 | D48: 0 | E48: 996 | F48: 100 | G48: 100.118 | H48: FALSE | I48: 0 | J48: 0 | K48: 2.9089241 | L48: 2.4802576 | M48: 428.6665 | N48: 90.914875 | O48: 2.678877 | P48: 3.9039411 | Q48: 2.6971059 | R48: 3.92217 | S48: 2.4788573 | T48: 2.901963 | U48: results/focused_pulse/waveforms/996ohm_100ms_repeat5.csv | V48: =IF(K48>=3,"Fresh ~3.05V","Aged ~2.90V") -> Aged ~2.90V | W48: =ABS(G48-F48)/F48 -> 0.0011799994 | X48: =AND(H48=FALSE,I48=0,J48=0,W48<=Controls!$B$3) -> TRUE | Z48: =AND(X48=TRUE,Y48<>"Exclude") -> TRUE | AA48: =L48-Controls!$B$2 -> 0.080257638 | AB48: =M48/1000/K48 -> 0.14736256 | AC48: =IF(Z48=FALSE,"INVALID",IF(tblATE[[#This Row],[vbat_min_V]]>=Controls!$B$2,"PASS","FAIL")) -> PASS

Sheet Controls
A1: Description | B1: Value
A2: VBAT minimum threshold (V) | B2: 2.4
A3: Allowed pulse timing error | B3: 0.25
A4: Provisional BLE inrush target (mA) | B4: 2
A5: BLE rail capacitance (µF) | B5: 10.1
A6: Proposed TPS22917 CT (nF) | B6: 10

Sheet Engineering_Summary
A1: CR2032 Pulse-Load Characterization — Rev B Power Design
A2: Battery | B2: Test | C2: Avg Current (mA) | D2: Avg VBAT Min (V) | E2: Avg Droop (mV) | F2: VBAT Margin (V) | G2: Status | I2: Rev B Design Decision
A3: Fresh | B3: 550 Ω / 10 ms | C3: =GETPIVOTDATA("Average of avg_added_current_mA",Test_Summary!$A$3,"test_name","550ohm_10ms","Battery_Condition","Fresh ~3.05V") -> 6.7888107 | D3: =GETPIVOTDATA("Average of vbat_min_V",Test_Summary!$A$3,"test_name","550ohm_10ms","Battery_Condition","Fresh ~3.05V") -> 2.9590189 | E3: =GETPIVOTDATA("Average of battery_droop_mV",Test_Summary!$A$3,"test_name","550ohm_10ms","Battery_Condition","Fresh ~3.05V") -> 87.039796 | F3: =D3-Controls!$B$2 -> 0.55901886 | G3: =IF(F3>=0,"PASS","FAIL") -> PASS | I3: VBAT Design Threshold | J3: =Controls!B2 -> 2.4
A4: Fresh | B4: 550 Ω / 100 ms | C4: =GETPIVOTDATA("Average of avg_added_current_mA",Test_Summary!$A$3,"test_name","550ohm_100ms","Battery_Condition","Fresh ~3.05V") -> 7.0223021 | D4: =GETPIVOTDATA("Average of vbat_min_V",Test_Summary!$A$3,"test_name","550ohm_100ms","Battery_Condition","Fresh ~3.05V") -> 2.9562726 | E4: =GETPIVOTDATA("Average of battery_droop_mV",Test_Summary!$A$3,"test_name","550ohm_100ms","Battery_Condition","Fresh ~3.05V") -> 90.143615 | F4: =D4-Controls!$B$2 -> 0.55627262 | G4: =IF(F4>=0,"PASS","FAIL") -> PASS | I4: Aged 100 ms Demonstrated Load | J4: =C9 -> 2.690326
A5: Fresh | B5: 329 Ω / 10 ms | C5: =GETPIVOTDATA("Average of avg_added_current_mA",Test_Summary!$A$3,"test_name","329ohm_10ms","Battery_Condition","Fresh ~3.05V") -> 9.6075543 | D5: =GETPIVOTDATA("Average of vbat_min_V",Test_Summary!$A$3,"test_name","329ohm_10ms","Battery_Condition","Fresh ~3.05V") -> 2.9299087 | E5: =GETPIVOTDATA("Average of battery_droop_mV",Test_Summary!$A$3,"test_name","329ohm_10ms","Battery_Condition","Fresh ~3.05V") -> 116.88167 | F5: =D5-Controls!$B$2 -> 0.52990871 | G5: =IF(F5>=0,"PASS","FAIL") -> PASS | I5: Aged VBAT Minimum | J5: =D9 -> 2.4802576
A6: Fresh | B6: 329 Ω / 100 ms | C6: =GETPIVOTDATA("Average of avg_added_current_mA",Test_Summary!$A$3,"test_name","329ohm_100ms","Battery_Condition","Fresh ~3.05V") -> 10.07759 | D6: =GETPIVOTDATA("Average of vbat_min_V",Test_Summary!$A$3,"test_name","329ohm_100ms","Battery_Condition","Fresh ~3.05V") -> 2.9203884 | E6: =GETPIVOTDATA("Average of battery_droop_mV",Test_Summary!$A$3,"test_name","329ohm_100ms","Battery_Condition","Fresh ~3.05V") -> 124.75042 | F6: =D6-Controls!$B$2 -> 0.52038841 | G6: =IF(F6>=0,"PASS","FAIL") -> PASS | I6: Provisional BLE Inrush Target | J6: =Controls!B4 -> 2
A7: Fresh | B7: 220 Ω / 10 ms | C7: =GETPIVOTDATA("Average of avg_added_current_mA",Test_Summary!$A$3,"test_name","220ohm_10ms","Battery_Condition","Fresh ~3.05V") -> 14.906264 | D7: =GETPIVOTDATA("Average of vbat_min_V",Test_Summary!$A$3,"test_name","220ohm_10ms","Battery_Condition","Fresh ~3.05V") -> 2.8713223 | E7: =GETPIVOTDATA("Average of battery_droop_mV",Test_Summary!$A$3,"test_name","220ohm_10ms","Battery_Condition","Fresh ~3.05V") -> 174.07209 | F7: =D7-Controls!$B$2 -> 0.47132225 | G7: =IF(F7>=0,"PASS","FAIL") -> PASS | I7: BLE Rail Capacitance | J7: =Controls!B5 -> 10.1
A8: Aged | B8: 996 Ω / 10 ms | C8: =GETPIVOTDATA("Average of avg_added_current_mA",Test_Summary!$A$3,"test_name","996ohm_10ms","Battery_Condition","Aged ~2.90V") -> 2.7122853 | D8: =GETPIVOTDATA("Average of vbat_min_V",Test_Summary!$A$3,"test_name","996ohm_10ms","Battery_Condition","Aged ~2.90V") -> 2.5000306 | E8: =GETPIVOTDATA("Average of battery_droop_mV",Test_Summary!$A$3,"test_name","996ohm_10ms","Battery_Condition","Aged ~2.90V") -> 408.08925 | F8: =D8-Controls!$B$2 -> 0.10003057 | G8: =IF(F8>=0,"PASS","FAIL") -> PASS | I8: Proposed TPS22917 CT | J8: =Controls!B6 -> 10
A9: Aged | B9: 996 Ω / 100 ms | C9: =GETPIVOTDATA("Average of avg_added_current_mA",Test_Summary!$A$3,"test_name","996ohm_100ms","Battery_Condition","Aged ~2.90V") -> 2.690326 | D9: =GETPIVOTDATA("Average of vbat_min_V",Test_Summary!$A$3,"test_name","996ohm_100ms","Battery_Condition","Aged ~2.90V") -> 2.4802576 | E9: =GETPIVOTDATA("Average of battery_droop_mV",Test_Summary!$A$3,"test_name","996ohm_100ms","Battery_Condition","Aged ~2.90V") -> 427.3462 | F9: =D9-Controls!$B$2 -> 0.080257638 | G9: =IF(F9>=0,"PASS","FAIL") -> PASS | I9: Status | J9: Rev B Verification Required
I12: 0 | J12: =Controls!B2 -> 2.4
I13: 20 | J13: =Controls!B2 -> 2.4
